OriginalBaseID,NewUserID
debug00CL3,001
debug03Dr0,002
debug03b2f,003
debug08opg,004
debug09Odg,005
debug09prG,006
debug0Auwa,007
debug0B9m8,008
debug0DzL1,009
debug0FXcI,010
debug0IV5M,011
debug0IYvl,012
debug0Lwyz,013
debug0Mhjz,014
debug0OHQh,015
debug0OM2y,016
debug0Oxar,017
debug0Rr1a,018
debug0S94f,019
debug0UIQi,020
debug0UkkY,021
debug0aDAS,022
debug0bAEj,023
debug0bUKJ,024
debug0cSIh,025
debug0dkPD,026
debug0hb5K,027
debug0kggj,028
debug0mXAU,029
debug0oCUN,030
debug0oLsp,031
debug0pV20,032
debug0pgHk,033
debug0q9bC,034
debug0qjAX,035
debug0r94x,036
debug0uzMZ,037
debug0wzYp,038
debug0xFSJ,039
debug0yjF0,040
debug13mCZ,041
debug155Ci,042
debug18kdN,043
debug18rZJ,044
debug1Cn7V,045
debug1DHLi,046
debug1DajW,047
debug1DkEI,048
debug1ESnp,049
debug1J8kS,050
debug1JKWX,051
debug1JOWx,052
debug1JhJ8,053
debug1Lgdh,054
debug1M41i,055
debug1NrJx,056
debug1OyV9,057
debug1Sv0O,058
debug1T3oX,059
debug1UD2E,060
debug1V8MS,061
debug1W1dj,062
debug1WA7I,063
debug1Z5OE,064
debug1Zt6n,065
debug1ed4j,066
debug1gB8w,067
debug1gP4p,068
debug1i0Dh,069
debug1iDNa,070
debug1ig6H,071
debug1is6t,072
debug1pCGx,073
debug1ssXw,074
debug1syZT,075
debug1vBiR,076
debug1vcfH,077
debug1xm61,078
debug1y4xQ,079
debug1yINq,080
debug1yybS,081
debug1ztPH,082
debug21AUj,083
debug25jnv,084
debug272HN,085
debug27a6L,086
debug27lPu,087
debug2Di4B,088
debug2EMUv,089
debug2EcpU,090
debug2HJWz,091
debug2KDMJ,092
debug2KI7E,093
debug2MW6b,094
debug2QJg2,095
debug2SecF,096
debug2U92Z,097
debug2VC8Y,098
debug2aGBd,099
debug2cJyy,100
debug2dLiz,101
debug2fkL6,102
debug2hfQy,103
debug2n2wu,104
debug2p4QU,105
debug2rruG,106
debug2s21J,107
debug2s84y,108
debug2vQ8d,109
debug2wADM,110
debug2wqUe,111
debug2xXHn,112
debug2zC9h,113
debug2zcTR,114
debug30drL,115
debug3125r,116
debug31pev,117
debug32OWO,118
debug35Jhz,119
debug37FcB,120
debug38xdk,121
debug39VJN,122
debug3Eelv,123
debug3Erx0,124
debug3FVRe,125
debug3GPD2,126
debug3H10z,127
debug3HSMN,128
debug3KYA2,129
debug3Kv5J,130
debug3QkFd,131
debug3QpbO,132
debug3RsIJ,133
debug3RxFb,134
debug3S3nH,135
debug3VExu,136
debug3VtCH,137
debug3X1wE,138
debug3ZAq4,139
debug3a1wA,140
debug3dLQ8,141
debug3eil3,142
debug3fvDa,143
debug3glhC,144
debug3grzR,145
debug3if9U,146
debug3igH8,147
debug3lFjK,148
debug3lUzc,149
debug3nJXb,150
debug3nWPW,151
debug3oIhH,152
debug3sNrN,153
debug3tV7D,154
debug3u5if,155
debug3woVD,156
debug3xEUW,157
debug3xsl4,158
debug3ykDf,159
debug3z4gA,160
debug41E6J,161
debug41Wfl,162
debug42okD,163
debug45amN,164
debug48cOT,165
debug4AC6o,166
debug4BafC,167
debug4C1hX,168
debug4CLTR,169
debug4EYxT,170
debug4G3QH,171
debug4IxKM,172
debug4KiwK,173
debug4LypX,174
debug4NYwv,175
debug4NqWZ,176
debug4NzjE,177
debug4PDZK,178
debug4TP2w,179
debug4TTZW,180
debug4V9s7,181
debug4WxAp,182
debug4a4PH,183
debug4bjms,184
debug4cEGU,185
debug4dat6,186
debug4gMGx,187
debug4ggzT,188
debug4kpLo,189
debug4npTt,190
debug4r1cm,191
debug4s1QS,192
debug4tpYZ,193
debug4vCfu,194
debug4vKzf,195
debug4vkbI,196
debug4yg2J,197
debug51KLI,198
debug526cF,199
debug52cfZ,200
debug52qaJ,201
debug54NwB,202
debug554dG,203
debug55OUQ,204
debug59rCG,205
debug5DFeq,206
debug5Dpnz,207
debug5GUOs,208
debug5JKAK,209
debug5JsfX,210
debug5LX84,211
debug5MgGW,212
debug5NEFc,213
debug5QjsS,214
debug5SHlr,215
debug5SqgL,216
debug5Te6r,217
debug5TnWJ,218
debug5WDao,219
debug5WFCN,220
debug5XDsO,221
debug5cxWB,222
debug5e5CF,223
debug5fU9J,224
debug5gozX,225
debug5iNgC,226
debug5ix7c,227
debug5kmju,228
debug5ln3H,229
debug5loWS,230
debug5nsGW,231
debug5oiwb,232
debug5pC2H,233
debug5pdEa,234
debug5q8Yg,235
debug5r8Fj,236
debug5rcIo,237
debug5scai,238
debug5vTKc,239
debug65ZZD,240
debug66ouk,241
debug67GRp,242
debug689bj,243
debug692ng,244
debug69IEb,245
debug69u2K,246
debug6A6JO,247
debug6Az6E,248
debug6GCWl,249
debug6KJxc,250
debug6KSVX,251
debug6OIvP,252
debug6OKp9,253
debug6PC2Z,254
debug6QRfB,255
debug6QRvv,256
debug6Ty4N,257
debug6Vamu,258
debug6VbvA,259
debug6WMa3,260
debug6WQsn,261
debug6WqLw,262
debug6aVhD,263
debug6agBL,264
debug6bNEb,265
debug6bdO1,266
debug6f4mV,267
debug6feKG,268
debug6gFyw,269
debug6i9BM,270
debug6k4ba,271
debug6n2Qv,272
debug6nOTf,273
debug6oT3E,274
debug6pWA3,275
debug6vSu7,276
debug6w2T2,277
debug6xmki,278
debug6zDlJ,279
debug6zlCO,280
debug70ncz,281
debug73s85,282
debug75VKI,283
debug75fff,284
debug7BSja,285
debug7CU97,286
debug7CgLj,287
debug7DQb5,288
debug7DS7e,289
debug7DX3t,290
debug7Db7J,291
debug7ENlE,292
debug7IxFv,293
debug7LKl0,294
debug7Lz48,295
debug7MTiN,296
debug7OAXm,297
debug7XGsK,298
debug7ZFkN,299
debug7gRtQ,300
debug7hVFa,301
debug7iuee,302
debug7kxcU,303
debug7kxoi,304
debug7lEmc,305
debug7lLHQ,306
debug7mUFQ,307
debug7o5g7,308
debug7ooBa,309
debug7pINd,310
debug7qyXI,311
debug7v4dI,312
debug7wwR9,313
debug7ySe8,314
debug80kvw,315
debug82GfO,316
debug83Aho,317
debug85E42,318
debug85fR7,319
debug86R1M,320
debug88irJ,321
debug89TVc,322
debug89UI3,323
debug89d6n,324
debug89hop,325
debug8Aaxl,326
debug8CnRs,327
debug8F2XY,328
debug8Fh9b,329
debug8GyNo,330
debug8I8cY,331
debug8IK9e,332
debug8LVUl,333
debug8LWOM,334
debug8QQra,335
debug8SGdY,336
debug8WP6s,337
debug8adls,338
debug8beZt,339
debug8dgc4,340
debug8fqjR,341
debug8hI9P,342
debug8hl5x,343
debug8isUN,344
debug8jsOd,345
debug8jzAp,346
debug8nUzK,347
debug8ouqy,348
debug8q9Mq,349
debug8qYCH,350
debug8qzNk,351
debug8tI0i,352
debug8tWP5,353
debug8vqtk,354
debug8wF56,355
debug8wuc1,356
debug91yq9,357
debug95Baq,358
debug95OXr,359
debug95kZv,360
debug96Hmk,361
debug96KgC,362
debug992sd,363
debug9GkQC,364
debug9I4Lc,365
debug9IHoA,366
debug9IOYy,367
debug9J77o,368
debug9MGN2,369
debug9Mu5f,370
debug9Otgh,371
debug9SBCh,372
debug9Tjxl,373
debug9ULmc,374
debug9XKwn,375
debug9YHVe,376
debug9YoJo,377
debug9YqQo,378
debug9aCV9,379
debug9c1Yn,380
debug9dDUK,381
debug9dJEB,382
debug9dW1K,383
debug9dfKD,384
debug9eOJh,385
debug9eyXt,386
debug9fZqU,387
debug9h1qb,388
debug9ieXj,389
debug9kIWc,390
debug9lSnd,391
debug9lsje,392
debug9oPWF,393
debug9p5xx,394
debug9p5yW,395
debug9pYsz,396
debug9pkop,397
debug9sGbs,398
debug9sjNy,399
debug9uYbf,400
debug9w4G8,401
debug9wfPD,402
debug9yGxx,403
debugA0pZg,404
debugA1KMn,405
debugA36Dh,406
debugA3RI9,407
debugA5dJA,408
debugAAoy8,409
debugACiFR,410
debugADAOu,411
debugALq8e,412
debugAN84k,413
debugANzeU,414
debugAQkqr,415
debugARUo3,416
debugAaFxk,417
debugAb26P,418
debugAf4jp,419
debugAfEfu,420
debugAfTiq,421
debugAgXuW,422
debugAgk4N,423
debugAgqzZ,424
debugAhjLp,425
debugAm3UP,426
debugAmTvQ,427
debugAokmK,428
debugAqvLU,429
debugAr1Ip,430
debugArDN3,431
debugAsdk6,432
debugAtEIJ,433
debugAxZnF,434
debugAy11P,435
debugAz2Gz,436
debugAzvNR,437
debugB0hvX,438
debugB2FiB,439
debugB2vA0,440
debugB2w75,441
debugB3MOS,442
debugB40gN,443
debugB4m5G,444
debugB6SGX,445
debugB7QwH,446
debugB7ntL,447
debugB9jOG,448
debugBCkjm,449
debugBE1uI,450
debugBFsfi,451
debugBIQRq,452
debugBIRQO,453
debugBNJ3X,454
debugBTE7C,455
debugBV5Lp,456
debugBW7Yq,457
debugBXm2q,458
debugBYD4l,459
debugBYFMQ,460
debugBatMw,461
debugBc3pI,462
debugBdKAE,463
debugBeBXi,464
debugBf6iJ,465
debugBgfv6,466
debugBj2fH,467
debugBjmaM,468
debugBmyRE,469
debugBomPb,470
debugBpGAy,471
debugBrwlW,472
debugBss4o,473
debugBtBEb,474
debugBuc21,475
debugBvHXy,476
debugBvuL8,477
debugBw0xK,478
debugBwjXW,479
debugBzV3f,480
debugC0Blt,481
debugC0Eoh,482
debugC0bo3,483
debugC12K6,484
debugC136e,485
debugC6DBn,486
debugC6OiV,487
debugC9NAP,488
debugCC4hH,489
debugCD4bY,490
debugCGRNA,491
debugCH7u6,492
debugCHWZA,493
debugCLUua,494
debugCM4Dc,495
debugCM7BW,496
debugCMdvI,497
debugCNdnK,498
debugCOKat,499
debugCP8ko,500
debugCPVYu,501
debugCVlmO,502
debugCVtjw,503
debugCdGk1,504
debugCdVdo,505
debugCeAzl,506
debugCeFwg,507
debugCfIRj,508
debugCfrAL,509
debugCjLnW,510
debugCoTxC,511
debugCrRl3,512
debugCs0Iz,513
debugCvaQP,514
debugCwruK,515
debugCyBls,516
debugD0ToC,517
debugD32FF,518
debugD4FDj,519
debugD4TJY,520
debugD5FBE,521
debugD5RIV,522
debugD6ISl,523
debugD7Ry2,524
debugDA6I9,525
debugDFl1K,526
debugDJUSd,527
debugDKWuk,528
debugDKj30,529
debugDLkE3,530
debugDP0vJ,531
debugDQ7Ho,532
debugDSbBS,533
debugDVsds,534
debugDX2Cp,535
debugDXGVW,536
debugDYczY,537
debugDZ6ve,538
debugDZPto,539
debugDaEfK,540
debugDdDbb,541
debugDdLys,542
debugDefZV,543
debugDfAfh,544
debugDgLc6,545
debugDggxT,546
debugDhuoj,547
debugDhwAP,548
debugDiJ9O,549
debugDip7E,550
debugDlP1o,551
debugDm8AL,552
debugDnpyZ,553
debugDr2UE,554
debugDwroR,555
debugDxZsP,556
debugDzBW4,557
debugE1hxV,558
debugE3Lw0,559
debugE79N3,560
debugEBeRf,561
debugECVHa,562
debugECeiF,563
debugEDrmJ,564
debugEDsyz,565
debugEG8jF,566
debugEH1rI,567
debugELSEF,568
debugENOfU,569
debugEPOLl,570
debugEQchP,571
debugESu1k,572
debugEUk1q,573
debugEWNlq,574
debugEWOpw,575
debugEXY79,576
debugEZgDu,577
debugEba2m,578
debugEbkVs,579
debugEc6if,580
debugEdPy2,581
debugEdgva,582
debugEeGZ7,583
debugEf95R,584
debugEgIfR,585
debugEhbWW,586
debugEiHwq,587
debugEl7IE,588
debugEmeHt,589
debugEmfW2,590
debugEnDnN,591
debugErNjS,592
debugErjgz,593
debugEslgu,594
debugEyWSs,595
debugF1iex,596
debugF1ufC,597
debugF1xTd,598
debugF3LT4,599
debugF5HXn,600
debugF8FMc,601
debugF97Hm,602
debugF9MmP,603
debugFBOxZ,604
debugFDfHB,605
debugFH4di,606
debugFKoCK,607
debugFT3qE,608
debugFT709,609
debugFUaR8,610
debugFVMVB,611
debugFXRET,612
debugFXZHk,613
debugFY2KO,614
debugFYvVl,615
debugFa2nx,616
debugFcr2C,617
debugFcthJ,618
debugFegCw,619
debugFhXw0,620
debugFiTb1,621
debugFiwcq,622
debugFjOnN,623
debugFl9TK,624
debugFn3fn,625
debugFr52l,626
debugFso9p,627
debugFu1wR,628
debugFvcRG,629
debugG2TPX,630
debugG2YMv,631
debugG2gXD,632
debugG3RN8,633
debugG3xcc,634
debugG51bu,635
debugG54iK,636
debugG6Qh4,637
debugG95KR,638
debugGAFq6,639
debugGAGqe,640
debugGCK3s,641
debugGDSJw,642
debugGES8s,643
debugGFDGO,644
debugGFG7M,645
debugGIsOu,646
debugGN7DN,647
debugGNnSb,648
debugGPCPf,649
debugGRPIS,650
debugGRQwr,651
debugGRcAA,652
debugGSfcs,653
debugGTnxD,654
debugGYPvP,655
debugGYwuS,656
debugGZ0dg,657
debugGZ33H,658
debugGaxQW,659
debugGbOgh,660
debugGcoDG,661
debugGe5az,662
debugGepSX,663
debugGgVJR,664
debugGgWUp,665
debugGgcXz,666
debugGgkoa,667
debugGikeP,668
debugGjqie,669
debugGjv8j,670
debugGmrvr,671
debugGmyvC,672
debugGpAZV,673
debugGqy0N,674
debugGrXza,675
debugGriCm,676
debugGttJK,677
debugH1iy2,678
debugH3Kdf,679
debugH4uYE,680
debugH7Q13,681
debugHAsgQ,682
debugHDI7p,683
debugHFFBr,684
debugHGQiP,685
debugHKaft,686
debugHL4FS,687
debugHLP4O,688
debugHQIXz,689
debugHSYeF,690
debugHUE1G,691
debugHXrB8,692
debugHYXvV,693
debugHakbE,694
debugHbrip,695
debugHkheK,696
debugHojWh,697
debugHphNz,698
debugHpiP5,699
debugHqWz4,700
debugHtPLg,701
debugHty3R,702
debugHxZiN,703
debugI24Ma,704
debugI2XBa,705
debugI2xeM,706
debugI3e71,707
debugI71z8,708
debugI9ICW,709
debugIA24w,710
debugIDyeL,711
debugIHAvo,712
debugII3s8,713
debugIIDYW,714
debugIJ6ok,715
debugIKZtO,716
debugINNu7,717
debugIQszO,718
debugISRVc,719
debugIbu1d,720
debugIdBsx,721
debugIeksF,722
debugIerh7,723
debugIhuUA,724
debugIiPnt,725
debugIjXlN,726
debugIrQkz,727
debugIu56Q,728
debugIv7na,729
debugIvhAo,730
debugIwYqZ,731
debugIyX5C,732
debugIyc6t,733
debugIzHUl,734
debugIzk8i,735
debugJ0in0,736
debugJ1rJz,737
debugJ1wK3,738
debugJ2jf1,739
debugJ2zNt,740
debugJ65ni,741
debugJ6vnF,742
debugJ8CnG,743
debugJ9B2x,744
debugJBm7B,745
debugJClmq,746
debugJDGNh,747
debugJEBKS,748
debugJF4Yx,749
debugJFiFp,750
debugJG6DG,751
debugJGga7,752
debugJGtCq,753
debugJIvmW,754
debugJLyOj,755
debugJLzoa,756
debugJMg8j,757
debugJMioM,758
debugJQpL9,759
debugJSXqX,760
debugJW4CB,761
debugJWM4h,762
debugJaQiX,763
debugJab5e,764
debugJaxnS,765
debugJc6h0,766
debugJe1ua,767
debugJf7j9,768
debugJgI4W,769
debugJgiiX,770
debugJigmn,771
debugJkOyc,772
debugJoznD,773
debugJp3IJ,774
debugJpV1o,775
debugJuWkX,776
debugJutnr,777
debugJwku0,778
debugJxUVI,779
debugJxxED,780
debugJz16i,781
debugJzcOR,782
debugJzmMB,783
debugK0tEl,784
debugK3Y28,785
debugK5p2p,786
debugK7AUI,787
debugK7gRg,788
debugKCC27,789
debugKCaE2,790
debugKEpTz,791
debugKGgD6,792
debugKK880,793
debugKKj53,794
debugKQvoY,795
debugKRFrz,796
debugKTUTw,797
debugKTcCk,798
debugKURq4,799
debugKV2zK,800
debugKWhVx,801
debugKXIvt,802
debugKY5FR,803
debugKZma4,804
debugKZqFW,805
debugKZuSN,806
debugKbgFu,807
debugKdfuu,808
debugKe6jJ,809
debugKeAJA,810
debugKeHJA,811
debugKeV75,812
debugKggpZ,813
debugKhu0J,814
debugKo1z6,815
debugKuuaq,816
debugKvyOo,817
debugKwK4X,818
debugKzLxO,819
debugL0RRD,820
debugL0ULD,821
debugL1smG,822
debugL2tvP,823
debugL5Ly9,824
debugLBeob,825
debugLCEp0,826
debugLCdNS,827
debugLDFTp,828
debugLIr9h,829
debugLKhVk,830
debugLKs0Q,831
debugLLJg6,832
debugLM53W,833
debugLMA3E,834
debugLOYQW,835
debugLR8H8,836
debugLSvnU,837
debugLTjRT,838
debugLVfz8,839
debugLW55V,840
debugLWSRD,841
debugLWy5D,842
debugLaeL4,843
debugLe72J,844
debugLeOao,845
debugLglnw,846
debugLicks,847
debugLjgiN,848
debugLlL1j,849
debugLn3ba,850
debugLn9cp,851
debugLoXlb,852
debugLprDn,853
debugLpz3d,854
debugLqFhi,855
debugLr5MI,856
debugLshwz,857
debugLvYTR,858
debugLxcLn,859
debugLyxyy,860
debugM0jlV,861
debugM2CgG,862
debugM4WgU,863
debugM5Rrf,864
debugM86PN,865
debugM8Krk,866
debugM8uzq,867
debugM946O,868
debugM99jr,869
debugMAuBO,870
debugMC5H9,871
debugMDjRr,872
debugMH55n,873
debugMHfih,874
debugMKO9n,875
debugMKccl,876
debugMLdNz,877
debugMLrTB,878
debugMLsM3,879
debugMN9HK,880
debugMRH2A,881
debugMVeC4,882
debugMW6Qy,883
debugMXMIl,884
debugMXPqC,885
debugMYUXi,886
debugMYfUT,887
debugMag01,888
debugMbkpJ,889
debugMbnx2,890
debugMc1HG,891
debugMc4i3,892
debugMcih3,893
debugMgDu5,894
debugMk90C,895
debugMlK6P,896
debugMmCGp,897
debugMo9N4,898
debugMoMvy,899
debugMp40w,900
debugMrgvK,901
debugMrjaO,902
debugMsiJC,903
debugMtJBr,904
debugMuBJX,905
debugMxXI2,906
debugMyMI4,907
debugMz1Oh,908
debugN4U39,909
debugN5R3U,910
debugN5utY,911
debugN86il,912
debugNCIhG,913
debugNCvpJ,914
debugNFYP7,915
debugNFewX,916
debugNGRok,917
debugNGrET,918
debugNIsuD,919
debugNJhu1,920
debugNMPyt,921
debugNNZq6,922
debugNRguB,923
debugNYomc,924
debugNdtlS,925
debugNgR45,926
debugNh2kH,927
debugNhAOS,928
debugNhilt,929
debugNklzv,930
debugNllmo,931
debugNlpnB,932
debugNmUFT,933
debugNt0sr,934
debugNvSXX,935
debugNvYDH,936
debugNxZ3D,937
debugNz1uu,938
debugO0F4F,939
debugO4HNs,940
debugO5DRN,941
debugO6Pzi,942
debugO9nt2,943
debugOBJ4i,944
debugOCFii,945
debugODat5,946
debugOGTqN,947
debugOHs0i,948
debugOI2Le,949
debugOIMLF,950
debugOJ2wa,951
debugOJST6,952
debugOKAV2,953
debugOL1K9,954
debugOOS9y,955
debugOOYbV,956
debugOOwl7,957
debugOP2dp,958
debugOQVLg,959
debugOR5Ef,960
debugOS7QA,961
debugOU0ZM,962
debugOUywF,963
debugOWOYq,964
debugOeSze,965
debugOfuBa,966
debugOh12P,967
debugOhXMD,968
debugOmKC4,969
debugOnuU5,970
debugOoq7C,971
debugOp3vl,972
debugOqB7O,973
debugOquvK,974
debugOsmlU,975
debugOtNcl,976
debugOv6jj,977
debugOxXaX,978
debugOyVqj,979
debugOykkH,980
debugOzUsW,981
debugP024Z,982
debugP1WbH,983
debugP2wN7,984
debugP5CC1,985
debugP7ZOf,986
debugPD6Wy,987
debugPDTcU,988
debugPFRxv,989
debugPHgYl,990
debugPMDlW,991
debugPNq6U,992
debugPP1By,993
debugPP5tH,994
debugPP7FG,995
debugPPOVw,996
debugPQBtI,997
debugPQuxp,998
debugPUsuv,999
debugPZXLS,1000
debugPahCG,1001
debugPeLF4,1002
debugPexsZ,1003
debugPeyXz,1004
debugPjRuE,1005
debugPlGjm,1006
debugPlTkU,1007
debugPm3f9,1008
debugPmYSL,1009
debugPnPbA,1010
debugPpD2B,1011
debugPpIyi,1012
debugPtQgb,1013
debugPv44K,1014
debugPvTUz,1015
debugPwSsj,1016
debugQ1wi4,1017
debugQ2Kul,1018
debugQ5THC,1019
debugQ5Uzc,1020
debugQ72Ay,1021
debugQ86mC,1022
debugQ9mQ2,1023
debugQBiZE,1024
debugQDgjY,1025
debugQE75G,1026
debugQEGvT,1027
debugQGzXa,1028
debugQHfGh,1029
debugQIzt7,1030
debugQKQ5R,1031
debugQNCpv,1032
debugQNJNk,1033
debugQNfZU,1034
debugQNrB0,1035
debugQRfZH,1036
debugQTcw6,1037
debugQUcLl,1038
debugQXr7m,1039
debugQZ8tF,1040
debugQmD5J,1041
debugQq55q,1042
debugQrYS7,1043
debugQrZKm,1044
debugQtR5e,1045
debugQtac5,1046
debugQwsJQ,1047
debugQyJkD,1048
debugQzQhT,1049
debugR3Aa2,1050
debugR3MKR,1051
debugR3QRt,1052
debugR3msS,1053
debugR6JWf,1054
debugR71Yi,1055
debugR7A7u,1056
debugR9su6,1057
debugRCXpR,1058
debugREF0k,1059
debugREYH3,1060
debugREqRb,1061
debugRHNdq,1062
debugRKStm,1063
debugRMROm,1064
debugROGVE,1065
debugROzh2,1066
debugRPweP,1067
debugRQmyR,1068
debugRQn5s,1069
debugRRkbP,1070
debugRUtzk,1071
debugRV7Mu,1072
debugRXbUl,1073
debugRZKCX,1074
debugRZTpg,1075
debugRgjAP,1076
debugRkWyK,1077
debugRlz1A,1078
debugRpwLc,1079
debugRruYT,1080
debugRsgur,1081
debugRuXmz,1082
debugRueLk,1083
debugRvGTi,1084
debugRvePq,1085
debugRwu6J,1086
debugRz2oI,1087
debugRzafo,1088
debugS33XA,1089
debugS4V6b,1090
debugS5J1d,1091
debugS6BZn,1092
debugS6YLU,1093
debugSAB9H,1094
debugSAbtl,1095
debugSCChi,1096
debugSCjlp,1097
debugSINJf,1098
debugSJZW4,1099
debugSLDxq,1100
debugSNLgO,1101
debugSPeBP,1102
debugSQVA4,1103
debugSSixS,1104
debugSVtIX,1105
debugSXJb8,1106
debugSXyVP,1107
debugSbKpl,1108
debugSdYa4,1109
debugSerK8,1110
debugSh5fp,1111
debugSiUDy,1112
debugSnfJW,1113
debugSok6g,1114
debugSr5rS,1115
debugSrvQl,1116
debugSsxDe,1117
debugSurd0,1118
debugSvGyj,1119
debugSx2iW,1120
debugSxJXf,1121
debugSy40Z,1122
debugT0cOL,1123
debugT5GBR,1124
debugT611U,1125
debugT7bQR,1126
debugT8Rz7,1127
debugT8SDQ,1128
debugT9Gil,1129
debugT9PdZ,1130
debugTA3rG,1131
debugTBuoJ,1132
debugTByLI,1133
debugTDHDh,1134
debugTDiMG,1135
debugTG3A5,1136
debugTGCwi,1137
debugTIvYC,1138
debugTRYYh,1139
debugTRamn,1140
debugTS1Ig,1141
debugTVS2y,1142
debugTVcgh,1143
debugTVunA,1144
debugTZ39m,1145
debugTbEM4,1146
debugTdyMo,1147
debugTeayg,1148
debugTfVBL,1149
debugTg0g4,1150
debugTgBPz,1151
debugTj9vX,1152
debugTjMAi,1153
debugTli7M,1154
debugTmS6z,1155
debugTmtev,1156
debugTr4YA,1157
debugTrGhy,1158
debugTtmDs,1159
debugTvoiP,1160
debugTwktG,1161
debugTy4Kb,1162
debugTzoUs,1163
debugU1K3S,1164
debugU23DL,1165
debugUAVsY,1166
debugUBbJQ,1167
debugUCWRW,1168
debugUE73t,1169
debugUFHO9,1170
debugUI59S,1171
debugUJTCC,1172
debugUJbAT,1173
debugUKoWT,1174
debugUNXD2,1175
debugUPs99,1176
debugUR9gD,1177
debugUUB8K,1178
debugUUKrk,1179
debugUVe8E,1180
debugUXUWx,1181
debugUaPtL,1182
debugUahYB,1183
debugUat2g,1184
debugUbtlY,1185
debugUcXIa,1186
debugUcXJv,1187
debugUeJBu,1188
debugUgKDJ,1189
debugUicDw,1190
debugUkm7l,1191
debugUlmhP,1192
debugUlrOn,1193
debugUmVCf,1194
debugUmZBC,1195
debugUo7lm,1196
debugUo7rh,1197
debugUqQb8,1198
debugUtnvc,1199
debugUuIy1,1200
debugUudf8,1201
debugUvDjv,1202
debugUva2z,1203
debugUwUMW,1204
debugUwaC1,1205
debugUxp8q,1206
debugV0KXv,1207
debugV3SX9,1208
debugV4Gpq,1209
debugV5VvK,1210
debugV5v4F,1211
debugV5xxe,1212
debugV77uA,1213
debugV7wz9,1214
debugVBQZC,1215
debugVBQkb,1216
debugVBcuZ,1217
debugVCRIw,1218
debugVD4Pu,1219
debugVDCET,1220
debugVEomw,1221
debugVJcBo,1222
debugVKK2r,1223
debugVKdjj,1224
debugVNiuL,1225
debugVONAF,1226
debugVPAG7,1227
debugVPgUs,1228
debugVQRT0,1229
debugVRPxl,1230
debugVS6ck,1231
debugVThxN,1232
debugVWNtN,1233
debugVX7um,1234
debugVYSZD,1235
debugVYc2t,1236
debugValB4,1237
debugVdHgD,1238
debugVeapj,1239
debugVkZNk,1240
debugVnAT2,1241
debugVoeFx,1242
debugVpOaA,1243
debugVppXL,1244
debugVssA9,1245
debugVv20k,1246
debugVvIoh,1247
debugVvgoq,1248
debugVxQ9y,1249
debugW1oY7,1250
debugW3KUR,1251
debugW4eDk,1252
debugW7an8,1253
debugW7kkg,1254
debugW81ot,1255
debugW9uaj,1256
debugWAXqc,1257
debugWC1qQ,1258
debugWDBfZ,1259
debugWFUG9,1260
debugWHk3J,1261
debugWIgXX,1262
debugWJPlx,1263
debugWN3A7,1264
debugWNm9Q,1265
debugWNopB,1266
debugWWbkW,1267
debugWWsOt,1268
debugWa2Vv,1269
debugWbmR2,1270
debugWevWe,1271
debugWghAp,1272
debugWkWXd,1273
debugWlHo5,1274
debugWoyMj,1275
debugWsF4A,1276
debugWsRzo,1277
debugWuUwJ,1278
debugWvo7s,1279
debugX0XXP,1280
debugX1FQD,1281
debugX1YbT,1282
debugX1YyC,1283
debugX26js,1284
debugX2rOa,1285
debugX4Oru,1286
debugXC9fg,1287
debugXHt7C,1288
debugXIqNy,1289
debugXJ1yw,1290
debugXKlzW,1291
debugXNxa4,1292
debugXPToG,1293
debugXR0D9,1294
debugXRIw3,1295
debugXROvO,1296
debugXSDex,1297
debugXSmrn,1298
debugXTpbp,1299
debugXVN5B,1300
debugXVYPN,1301
debugXVehc,1302
debugXYcgb,1303
debugXa5eB,1304
debugXbDce,1305
debugXciIn,1306
debugXdvNu,1307
debugXgCkg,1308
debugXiHAU,1309
debugXiOXc,1310
debugXjKim,1311
debugXkpqD,1312
debugXksLo,1313
debugXnAKp,1314
debugXnayS,1315
debugXo9pT,1316
debugXtCyL,1317
debugXu4p6,1318
debugXu8Qa,1319
debugXw70y,1320
debugXx4Yv,1321
debugY2Ek2,1322
debugY2ukS,1323
debugY3KyC,1324
debugY3nfT,1325
debugY6cev,1326
debugY9HfJ,1327
debugY9P5y,1328
debugY9g9l,1329
debugYAE7i,1330
debugYAna0,1331
debugYCP1b,1332
debugYDshV,1333
debugYDubG,1334
debugYEY3v,1335
debugYFpl7,1336
debugYHCeY,1337
debugYJBSm,1338
debugYJCxE,1339
debugYJeGq,1340
debugYKreQ,1341
debugYMV0u,1342
debugYNa7E,1343
debugYNmdQ,1344
debugYNzZe,1345
debugYQr79,1346
debugYSdPZ,1347
debugYSgbU,1348
debugYTHgb,1349
debugYYPNK,1350
debugYYdYT,1351
debugYYsNj,1352
debugYaNVn,1353
debugYb1Ce,1354
debugYcMyZ,1355
debugYcuFf,1356
debugYeC0H,1357
debugYh8th,1358
debugYlPRO,1359
debugYo1iD,1360
debugYqMhb,1361
debugYqW2h,1362
debugYqzmS,1363
debugYskiq,1364
debugYwreW,1365
debugZ0m95,1366
debugZ4jZc,1367
debugZ4t6T,1368
debugZ5IYX,1369
debugZ8t1w,1370
debugZAOPI,1371
debugZD8Ap,1372
debugZH1o9,1373
debugZJK7K,1374
debugZJqT2,1375
debugZJt9h,1376
debugZLkDy,1377
debugZNJSV,1378
debugZOGSz,1379
debugZQSto,1380
debugZSANl,1381
debugZVd6X,1382
debugZWJK3,1383
debugZY1db,1384
debugZbBX2,1385
debugZe0W0,1386
debugZeGDR,1387
debugZfEcY,1388
debugZjluz,1389
debugZjoQS,1390
debugZmqq9,1391
debugZorvn,1392
debugZqPwu,1393
debugZsxcb,1394
debugZvJNR,1395
debugZxGxU,1396
debugZzGCv,1397
debugZzX6L,1398
debugZzXLY,1399
debuga111S,1400
debuga1VoD,1401
debuga2ez9,1402
debuga3Bzd,1403
debuga3iX3,1404
debuga4ATG,1405
debuga5Oj0,1406
debuga5e6f,1407
debuga7bqo,1408
debuga88sx,1409
debuga9k3G,1410
debugaDyAS,1411
debugaE2RG,1412
debugaEi3z,1413
debugaFw67,1414
debugaG7tQ,1415
debugaIbB0,1416
debugaMyJ0,1417
debugaQjqX,1418
debugaSePH,1419
debugaVALV,1420
debugaYAbO,1421
debugaYx9g,1422
debugaZRkk,1423
debugaZTTr,1424
debugaZdd2,1425
debugaZl5g,1426
debugaaSe5,1427
debugabVdA,1428
debugadGwh,1429
debugaiSEL,1430
debugakUe2,1431
debugamM2D,1432
debuganHOE,1433
debuganYIb,1434
debugaoh26,1435
debugaphEO,1436
debugarE60,1437
debugas5bO,1438
debugasOGG,1439
debugav8A8,1440
debugavfu7,1441
debugay2oF,1442
debugb098q,1443
debugb0Q6q,1444
debugb0qlL,1445
debugb2GVC,1446
debugb2Sq3,1447
debugb3nPF,1448
debugb5XqK,1449
debugb6TSK,1450
debugb7Pn0,1451
debugb7suN,1452
debugb8bAM,1453
debugb8iE6,1454
debugbAHYr,1455
debugbFtyw,1456
debugbGH3e,1457
debugbH4PA,1458
debugbHxkx,1459
debugbJysz,1460
debugbKRcn,1461
debugbMV3K,1462
debugbMd25,1463
debugbONMq,1464
debugbOxZQ,1465
debugbQj34,1466
debugbRQf3,1467
debugbSuVH,1468
debugbVTny,1469
debugbVs4u,1470
debugbWJ9X,1471
debugbWep1,1472
debugbXaPD,1473
debugbYE4G,1474
debugbYJrK,1475
debugbYOkh,1476
debugbZ5v1,1477
debugbZorK,1478
debugbZvMj,1479
debugbaHzi,1480
debugbcKK6,1481
debugbe72W,1482
debugbeMqY,1483
debugbeUMe,1484
debugbg3pI,1485
debugbgPax,1486
debugbgp9v,1487
debugbh9lX,1488
debugbitcj,1489
debugbjXXE,1490
debugbjco5,1491
debugbkFqc,1492
debugbqkKb,1493
debugbqxLk,1494
debugbtDIl,1495
debugbtK8b,1496
debugbwP5O,1497
debugbxNYn,1498
debugbyB0g,1499
debugbynXs,1500
debugc153m,1501
debugc2PbI,1502
debugc31kr,1503
debugc3qfJ,1504
debugc5RFF,1505
debugc8gpm,1506
debugcAikA,1507
debugcCpLn,1508
debugcE1PQ,1509
debugcGXCD,1510
debugcHFgm,1511
debugcHWgI,1512
debugcNggR,1513
debugcQLYl,1514
debugcVAEz,1515
debugcVf5K,1516
debugcVmTV,1517
debugcWNyL,1518
debugceDGj,1519
debugcf7p8,1520
debugcfq8H,1521
debugcgZja,1522
debugcgqAK,1523
debugcgz5O,1524
debugciBt7,1525
debugcilMg,1526
debugck2oi,1527
debugckGMI,1528
debugckXZW,1529
debugcls6a,1530
debugcn0fX,1531
debugcqLdd,1532
debugcrKSq,1533
debugcrfB8,1534
debugcuu1R,1535
debugcyJ5y,1536
debugczYNj,1537
debugd0dyr,1538
debugd1HDj,1539
debugd21Nr,1540
debugd3vVL,1541
debugd4kFV,1542
debugd4odC,1543
debugd782l,1544
debugd7IkA,1545
debugd8KZU,1546
debugd9csU,1547
debugdAdOo,1548
debugdBI4t,1549
debugdDBPg,1550
debugdDUoz,1551
debugdEENJ,1552
debugdEP8N,1553
debugdEl1J,1554
debugdFVkA,1555
debugdGJJC,1556
debugdH97W,1557
debugdIPWn,1558
debugdIpbz,1559
debugdKsah,1560
debugdNt2V,1561
debugdPRHR,1562
debugdQ6Ov,1563
debugdTdtd,1564
debugdVD5T,1565
debugdVlTi,1566
debugdZbu5,1567
debugda4vm,1568
debugdapyw,1569
debugdck0b,1570
debugdemrd,1571
debugdipOi,1572
debugdjbBs,1573
debugdlkyf,1574
debugdm5Ls,1575
debugdmEiT,1576
debugdmWdO,1577
debugdmrft,1578
debugdo9Gg,1579
debugdoX5D,1580
debugdpqrJ,1581
debugdqwB8,1582
debugds3Ux,1583
debugdtWl0,1584
debugdwPV2,1585
debugdwd9y,1586
debugdykhT,1587
debugdzChq,1588
debuge0mb2,1589
debuge0rzL,1590
debuge24Jh,1591
debuge311K,1592
debuge45UY,1593
debuge60Kw,1594
debuge7Eip,1595
debugeA5bB,1596
debugeASi6,1597
debugeCFrD,1598
debugeCMyi,1599
debugeDBI6,1600
debugeGIPI,1601
debugeHjs7,1602
debugeIXxN,1603
debugeJ3re,1604
debugeN9sY,1605
debugeNJ2L,1606
debugeNKbZ,1607
debugeNMFk,1608
debugePtyH,1609
debugeTdSy,1610
debugeUF6d,1611
debugeUIa6,1612
debugeUiuq,1613
debugeYlcB,1614
debugebkot,1615
debugeca5J,1616
debugecyNW,1617
debugeeHgp,1618
debugeg6xU,1619
debugeh7sh,1620
debugenYQ1,1621
debugenkZt,1622
debugeoenq,1623
debuges37o,1624
debugesPKW,1625
debugeszY9,1626
debugetKCj,1627
debugetOoY,1628
debugevThM,1629
debugf1LMq,1630
debugf2pGV,1631
debugf3BlA,1632
debugf3WiE,1633
debugf56Rn,1634
debugf57gK,1635
debugf6XW7,1636
debugfB0lF,1637
debugfBbzQ,1638
debugfEdXn,1639
debugfJyAf,1640
debugfLQfF,1641
debugfLnTk,1642
debugfLwhO,1643
debugfQ93v,1644
debugfQBYX,1645
debugfQNes,1646
debugfU6ZH,1647
debugfUfY8,1648
debugfWKP2,1649
debugfa6v2,1650
debugfaXds,1651
debugfaps2,1652
debugfcBJI,1653
debugffgaU,1654
debugfhVJQ,1655
debugfliry,1656
debugfluud,1657
debugfpBpG,1658
debugfqXCQ,1659
debugfsPS1,1660
debugfteGg,1661
debugftp27,1662
debugfvans,1663
debugfve6M,1664
debugg267y,1665
debugg4hoy,1666
debugg58hp,1667
debugg5Hf3,1668
debugg7nKu,1669
debugg8cSV,1670
debugg9pLy,1671
debuggA2gl,1672
debuggAQH3,1673
debuggBdwZ,1674
debuggCDkn,1675
debuggCGxr,1676
debuggEFgH,1677
debuggKkvW,1678
debuggMPvU,1679
debuggO97K,1680
debuggOBUh,1681
debuggPtvd,1682
debuggQlxX,1683
debuggRMkE,1684
debuggXliJ,1685
debuggZVoY,1686
debuggc6iY,1687
debuggdJoI,1688
debuggeTrv,1689
debuggfAyB,1690
debuggfl1N,1691
debugggNRz,1692
debugghgJD,1693
debuggrtow,1694
debuggw8FI,1695
debuggwr5X,1696
debuggyYPm,1697
debuggzvcA,1698
debugh282v,1699
debugh2Tb4,1700
debugh5UA1,1701
debugh7LzY,1702
debugh8M7Q,1703
debughCEya,1704
debughDLxE,1705
debughEBwu,1706
debughEF2S,1707
debughGTGX,1708
debughJUOp,1709
debughJZ43,1710
debughKbJ8,1711
debughKc06,1712
debughN259,1713
debughOgdD,1714
debughTTiN,1715
debughXCjx,1716
debughZehB,1717
debughaGGd,1718
debughbAfv,1719
debughcCV4,1720
debughchHy,1721
debughdW68,1722
debughe9Oy,1723
debughefy6,1724
debughhyZ9,1725
debughiXSC,1726
debughjqPS,1727
debughlAhO,1728
debughmSOQ,1729
debughmbys,1730
debughmrxs,1731
debugho57q,1732
debughpX7v,1733
debughrTqP,1734
debughsFgX,1735
debughx2s5,1736
debughy7G6,1737
debughyib0,1738
debughzluu,1739
debugi0lZO,1740
debugi1qNc,1741
debugi1t2j,1742
debugi2ccR,1743
debugi4Lwz,1744
debugi4Xp7,1745
debugi6716,1746
debugi86dd,1747
debugi8Pct,1748
debugiA60y,1749
debugiCe9z,1750
debugiDX0f,1751
debugiE7G2,1752
debugiFjSQ,1753
debugiKN72,1754
debugiLkJw,1755
debugiP5Vs,1756
debugiQBeN,1757
debugiQlXu,1758
debugiRJ9g,1759
debugiVSM7,1760
debugiW7Y6,1761
debugibFhj,1762
debugibZcF,1763
debugief84,1764
debugig2RH,1765
debugiicBe,1766
debugipoSp,1767
debugirTTR,1768
debugiruzw,1769
debugitxfr,1770
debugiuAqy,1771
debugiuaob,1772
debugiuiOK,1773
debugivleh,1774
debugixBok,1775
debugixQ4I,1776
debugiy9jl,1777
debugj178g,1778
debugj3OxB,1779
debugj4JXL,1780
debugj5rXF,1781
debugj65W2,1782
debugj8CKP,1783
debugj9XO0,1784
debugjAAYS,1785
debugjBuTo,1786
debugjDhJn,1787
debugjF3t8,1788
debugjKQEo,1789
debugjM1GA,1790
debugjNy5Z,1791
debugjO1nD,1792
debugjOdRr,1793
debugjQ0jS,1794
debugjRaqQ,1795
debugjTkKW,1796
debugjU8c1,1797
debugjVwOg,1798
debugjWlQk,1799
debugjWpVo,1800
debugjaN3u,1801
debugjbfHk,1802
debugjdP9X,1803
debugjg1Gf,1804
debugjgkRJ,1805
debugjjMJU,1806
debugjkb5E,1807
debugjmHwQ,1808
debugjmaHg,1809
debugjmjtY,1810
debugjpEcL,1811
debugjpwAq,1812
debugjq63R,1813
debugjrcmL,1814
debugjsGrj,1815
debugjsaA1,1816
debugju8sj,1817
debugjv1K4,1818
debugjwG7X,1819
debugjzs05,1820
debugk27sA,1821
debugk3JUW,1822
debugk3XQQ,1823
debugk3nTT,1824
debugk4BRw,1825
debugk9SdP,1826
debugkANBZ,1827
debugkBpg2,1828
debugkE67v,1829
debugkFCCk,1830
debugkHFpr,1831
debugkHnfC,1832
debugkIlik,1833
debugkJ8ic,1834
debugkM7q5,1835
debugkMYKs,1836
debugkMlmF,1837
debugkRXDg,1838
debugkSmWX,1839
debugkUm7m,1840
debugkXDRf,1841
debugkZ6xi,1842
debugkZtsS,1843
debugkbPiY,1844
debugkbfqv,1845
debugkfFdG,1846
debugkfPiz,1847
debugkg0Fc,1848
debugkgBl5,1849
debugkgYIt,1850
debugkhLoR,1851
debugkkd53,1852
debugklUBV,1853
debugknuVp,1854
debugkpKVD,1855
debugkpRTb,1856
debugkrhjS,1857
debugkrs9v,1858
debugkvilT,1859
debugkxT72,1860
debugkyuPf,1861
debugkyyDp,1862
debugl3WiQ,1863
debugl4DPW,1864
debugl6F1E,1865
debugl8I4G,1866
debugl8KOY,1867
debuglAWPC,1868
debuglCAun,1869
debuglCE9H,1870
debuglDVP7,1871
debuglDdVa,1872
debuglFjAT,1873
debuglHwmv,1874
debuglLXv4,1875
debuglLrHq,1876
debuglMbg0,1877
debuglNwq2,1878
debuglUsG3,1879
debuglVy4M,1880
debuglWkBf,1881
debuglZzLa,1882
debugla4yW,1883
debuglbvhn,1884
debugldrZs,1885
debuglfcYg,1886
debuglmPq2,1887
debuglnlP1,1888
debuglq9xo,1889
debuglrK0i,1890
debuglrzfa,1891
debuglt9DZ,1892
debugltZpi,1893
debugluoai,1894
debuglv8pv,1895
debuglyxOt,1896
debuglzhpW,1897
debugm1GJo,1898
debugm3I3A,1899
debugm5aSw,1900
debugmC7QR,1901
debugmEOnf,1902
debugmGdwS,1903
debugmHW91,1904
debugmJcFF,1905
debugmJzFv,1906
debugmKDoZ,1907
debugmKkuA,1908
debugmM2tw,1909
debugmOe8B,1910
debugmOjv4,1911
debugmRdCl,1912
debugmUorW,1913
debugmWIPU,1914
debugmWjNW,1915
debugmWnMh,1916
debugmXBXP,1917
debugmYCei,1918
debugmYo6S,1919
debugmaX9U,1920
debugmbyTJ,1921
debugmcQLj,1922
debugme0pp,1923
debugmjkwg,1924
debugmk0pY,1925
debugmk39O,1926
debugmk4Qz,1927
debugmlDHi,1928
debugmoXMY,1929
debugmsiTY,1930
debugmucAy,1931
debugmxTyN,1932
debugn0won,1933
debugn2o6Q,1934
debugn3KrO,1935
debugn3LTo,1936
debugn3c6u,1937
debugn5g0y,1938
debugn715m,1939
debugn7PbB,1940
debugn9hzJ,1941
debugnAKux,1942
debugnCdw1,1943
debugnEEVz,1944
debugnGVuQ,1945
debugnGgux,1946
debugnJ4cf,1947
debugnLTsJ,1948
debugnLqeL,1949
debugnN0kC,1950
debugnRRBw,1951
debugnSWrv,1952
debugnU9Nf,1953
debugnUHaJ,1954
debugnV6lb,1955
debugnVdNr,1956
debugnVsBR,1957
debugnVzzj,1958
debugnXJmq,1959
debugnZVwk,1960
debugnaXPV,1961
debugnbu3d,1962
debugnf8zg,1963
debugnhL1x,1964
debugnhTH2,1965
debugnj2V7,1966
debugnlOKL,1967
debugnmbfJ,1968
debugnrNTb,1969
debugnsCXz,1970
debugntTMF,1971
debugnvw51,1972
debugnzPvB,1973
debugo1MD2,1974
debugo2fKq,1975
debugo3iPJ,1976
debugo5DJ5,1977
debugo65pe,1978
debugo8eNc,1979
debugo9CKr,1980
debugo9CwU,1981
debugoBGgK,1982
debugoByK5,1983
debugoCkN8,1984
debugoDDIo,1985
debugoDGSa,1986
debugoDjOK,1987
debugoEGkc,1988
debugoFu7L,1989
debugoHePb,1990
debugoK4jA,1991
debugoK71X,1992
debugoPtAQ,1993
debugoQXls,1994
debugoRVb4,1995
debugoTKvO,1996
debugoWqLO,1997
debugoXBwz,1998
debugoXFhe,1999
debugoZ74W,2000
debugodOmL,2001
debugoepkV,2002
debugoiIsr,2003
debugons5L,2004
debugoonJt,2005
debugoozIB,2006
debugorQGl,2007
debugorQP8,2008
debugotYME,2009
debugouHfb,2010
debugoua4f,2011
debugovtIE,2012
debugowXRJ,2013
debugowlL8,2014
debugoxYZB,2015
debugp1cdX,2016
debugp3vLO,2017
debugp3xFl,2018
debugp6INJ,2019
debugp6WCb,2020
debugp7sPG,2021
debugpAKxv,2022
debugpAXeq,2023
debugpDebM,2024
debugpDieN,2025
debugpGHsG,2026
debugpI0LD,2027
debugpLm1B,2028
debugpPnfs,2029
debugpPqiB,2030
debugpSlHK,2031
debugpSzMz,2032
debugpT8n2,2033
debugpVz8n,2034
debugpaIp3,2035
debugpbA9m,2036
debugpbAsI,2037
debugpd0B4,2038
debugpd2TA,2039
debugpjNTy,2040
debugpjQNl,2041
debugpkcOl,2042
debugpl0Lh,2043
debugpuvwx,2044
debugpyMNT,2045
debugq0gKa,2046
debugq0pwv,2047
debugq1vCk,2048
debugq20J1,2049
debugq2z4o,2050
debugq4Gth,2051
debugq4Lfq,2052
debugq5yvR,2053
debugq6kDy,2054
debugqCz9x,2055
debugqOiLd,2056
debugqP7s6,2057
debugqPIhC,2058
debugqPbeY,2059
debugqSgbA,2060
debugqSxoz,2061
debugqVVxT,2062
debugqW7qi,2063
debugqYWsZ,2064
debugqZAfh,2065
debugqafnv,2066
debugqc2Wn,2067
debugqcudd,2068
debugqgJLl,2069
debugqiRws,2070
debugql3kr,2071
debugqlN7t,2072
debugqlXof,2073
debugqmEBU,2074
debugqmbix,2075
debugqplWD,2076
debugqqX5c,2077
debugqqX9C,2078
debugqqhUE,2079
debugqtZIY,2080
debugqtfx5,2081
debugqtp0P,2082
debugqw8p0,2083
debugqw9Ik,2084
debugqxVAh,2085
debugqyBt6,2086
debugqzJdH,2087
debugr1t4j,2088
debugr24HI,2089
debugr2L0y,2090
debugr37tN,2091
debugr4muW,2092
debugr4ycD,2093
debugr52yg,2094
debugr7gCU,2095
debugr8U0z,2096
debugr9rIG,2097
debugrB82S,2098
debugrBnfx,2099
debugrEfb7,2100
debugrGPzD,2101
debugrIpyF,2102
debugrJEdq,2103
debugrLxU4,2104
debugrQRap,2105
debugrRTOm,2106
debugrRwXF,2107
debugrUc1y,2108
debugrV03N,2109
debugrV97C,2110
debugrVOg5,2111
debugrWHxh,2112
debugrWMsP,2113
debugrXhnn,2114
debugrZkbs,2115
debugrdan4,2116
debugre4LL,2117
debugrfbxD,2118
debugrfe46,2119
debugrg3l6,2120
debugrh2KH,2121
debugrhgoj,2122
debugrksp1,2123
debugrlEly,2124
debugrmitk,2125
debugrneJO,2126
debugroIS6,2127
debugrq2cn,2128
debugru6D5,2129
debugruNbw,2130
debugrvvre,2131
debugrwQCw,2132
debugrwbfW,2133
debugrxect,2134
debugrxgrF,2135
debugrzaUZ,2136
debugs0lOJ,2137
debugs25rl,2138
debugs2K4e,2139
debugs47ak,2140
debugs570C,2141
debugs6PXZ,2142
debugs6sGC,2143
debugs93ty,2144
debugsCGbL,2145
debugsE0nt,2146
debugsEceS,2147
debugsGlMb,2148
debugsH3do,2149
debugsJepU,2150
debugsP1TH,2151
debugsQKDy,2152
debugsSLtE,2153
debugsTAxZ,2154
debugsUdzR,2155
debugsVstC,2156
debugsYHVr,2157
debugsYlPx,2158
debugshDcI,2159
debugsjpLu,2160
debugskkF7,2161
debugskrys,2162
debugsle3a,2163
debugsmd4B,2164
debugsoDZR,2165
debugsoJsn,2166
debugspJAx,2167
debugsptSL,2168
debugsqvdu,2169
debugsrL7v,2170
debugssU3H,2171
debugsupva,2172
debugsv3gt,2173
debugswKGY,2174
debugt0mRv,2175
debugt1iRj,2176
debugt38ds,2177
debugt3ZdK,2178
debugt3pwk,2179
debugt5Q38,2180
debugt5ZmK,2181
debugt5oxx,2182
debugt6b8a,2183
debugt84fr,2184
debugt8J7A,2185
debugt9nt1,2186
debugtCarH,2187
debugtCzdK,2188
debugtHNxn,2189
debugtHbrA,2190
debugtIKkK,2191
debugtKpXv,2192
debugtL0mt,2193
debugtMyVr,2194
debugtOqHs,2195
debugtPDp4,2196
debugtTk0q,2197
debugtVELO,2198
debugtVIve,2199
debugtVtru,2200
debugtWl9b,2201
debugtWnHU,2202
debugtbz1w,2203
debugteHUp,2204
debugteu6V,2205
debugtg6ZR,2206
debugtk4um,2207
debugtlOvT,2208
debugtmK7T,2209
debugtognO,2210
debugtokPe,2211
debugtsYEv,2212
debugtuB8U,2213
debugtud9x,2214
debugtvZS1,2215
debugtvw1P,2216
debugtwDNV,2217
debugtz7yq,2218
debugu0FA4,2219
debugu0Lrf,2220
debugu1BUv,2221
debugu1uWm,2222
debugu3aBr,2223
debugu4xAf,2224
debugu51Lv,2225
debugu5qsj,2226
debugu6820,2227
debugu75ia,2228
debugu7q5x,2229
debugu9Qqj,2230
debuguAeOG,2231
debuguBWck,2232
debuguEYFd,2233
debuguGYKI,2234
debuguLFU5,2235
debuguLNPc,2236
debuguOoC9,2237
debuguRkQF,2238
debuguS6bY,2239
debuguSjYO,2240
debuguTy40,2241
debuguWjEj,2242
debuguX4xu,2243
debugudzdJ,2244
debugue0n6,2245
debugueOVc,2246
debuguexEE,2247
debugujfEs,2248
debuguk1Dw,2249
debugulIKM,2250
debuguq7OH,2251
debuguqQaj,2252
debuguqyNM,2253
debugur6VK,2254
debugurgNU,2255
debugurxiR,2256
debuguttmr,2257
debuguvPtN,2258
debuguwJmA,2259
debuguylxD,2260
debuguz8A1,2261
debugv0Biv,2262
debugv0COu,2263
debugv0QKS,2264
debugv3TI0,2265
debugv4NOE,2266
debugv6mby,2267
debugv8bJR,2268
debugvAgQy,2269
debugvAhMq,2270
debugvCFzo,2271
debugvJWup,2272
debugvJpOk,2273
debugvJqFE,2274
debugvK9EX,2275
debugvKtvy,2276
debugvO0PL,2277
debugvOzLC,2278
debugvQWJf,2279
debugvSDze,2280
debugvSQ6h,2281
debugvSblv,2282
debugvSkL6,2283
debugvUUrz,2284
debugvWJ7C,2285
debugvX4Dg,2286
debugvXVGo,2287
debugvYPlW,2288
debugvYaqK,2289
debugvcmwS,2290
debugvedNt,2291
debugvfzDW,2292
debugvgAxL,2293
debugvgdQ1,2294
debugvkd5U,2295
debugvkdoi,2296
debugvrq3W,2297
debugvs329,2298
debugvtFsp,2299
debugvtMgP,2300
debugvu2Os,2301
debugvu5SD,2302
debugvuCu2,2303
debugvvtC4,2304
debugvvvBY,2305
debugvxMiL,2306
debugvxaLi,2307
debugvxcsH,2308
debugw2Jed,2309
debugw3Dn6,2310
debugw3FzZ,2311
debugw4FQM,2312
debugw6gPJ,2313
debugw7R2T,2314
debugw9OTp,2315
debugwPNZb,2316
debugwQqRS,2317
debugwSh8w,2318
debugwUOU4,2319
debugwUpdr,2320
debugwWJ4M,2321
debugwXg0q,2322
debugwXyyK,2323
debugwYOvB,2324
debugwb8Hf,2325
debugwbVb8,2326
debugwbqRF,2327
debugwd06M,2328
debugwdDbx,2329
debugwe0Ew,2330
debugwh9JH,2331
debugwjElv,2332
debugwkDIO,2333
debugwlPGA,2334
debugwm44T,2335
debugwtvzm,2336
debugww3LG,2337
debugww97K,2338
debugwx019,2339
debugx16i0,2340
debugx6iSL,2341
debugx6wJ3,2342
debugx8rkH,2343
debugxBCYL,2344
debugxBbq8,2345
debugxEKR6,2346
debugxF4mZ,2347
debugxGAXd,2348
debugxJLXH,2349
debugxLDo0,2350
debugxLb1V,2351
debugxMw1r,2352
debugxQoIv,2353
debugxRitL,2354
debugxS3i2,2355
debugxSLwx,2356
debugxScxM,2357
debugxSw89,2358
debugxWkGH,2359
debugxdzZF,2360
debugxeiWg,2361
debugxfUNs,2362
debugxgY70,2363
debugxjbM4,2364
debugxlEqu,2365
debugxlhQp,2366
debugxluKu,2367
debugxos0m,2368
debugxrDs0,2369
debugxrWcf,2370
debugxsJOJ,2371
debugxsggz,2372
debugxwzUh,2373
debugxyzZ6,2374
debugy00EI,2375
debugy3UXs,2376
debugy3roX,2377
debugy3zsY,2378
debugy4ZFo,2379
debugy9pPV,2380
debugyCHhN,2381
debugyGfOU,2382
debugyILvd,2383
debugyJ0Bt,2384
debugyJEXD,2385
debugyLch2,2386
debugyMQMC,2387
debugyPGK7,2388
debugyQlTo,2389
debugyUg7K,2390
debugycIT4,2391
debugycijh,2392
debugydfDQ,2393
debugyerUE,2394
debugyeu5I,2395
debugyf7Ui,2396
debugygDLx,2397
debugyiDdI,2398
debugylC9l,2399
debugylnyH,2400
debugylsoc,2401
debugymJ0O,2402
debugypiUO,2403
debugyrJYZ,2404
debugysBL9,2405
debugysYGR,2406
debugyue2D,2407
debugyvRPR,2408
debugyztT9,2409
debugz0fCM,2410
debugz2a7X,2411
debugz4HmR,2412
debugz583D,2413
debugz6N25,2414
debugz7EWx,2415
debugz95jN,2416
debugzCSV9,2417
debugzDOBg,2418
debugzDsab,2419
debugzGwP7,2420
debugzIGMU,2421
debugzNr4z,2422
debugzOaJR,2423
debugzPgfJ,2424
debugzPwog,2425
debugzQH3N,2426
debugzVQxD,2427
debugzY78k,2428
debugzYMqm,2429
debugzfTwy,2430
debugzgeUW,2431
debugziXnO,2432
debugzjUGX,2433
debugzkJap,2434
debugzoFvn,2435
debugzpy6I,2436
debugzqBlK,2437
debugzrQNI,2438
debugztMy0,2439
debugzu8Cp,2440
debugzy9UD,2441
debugzyDRX,2442
debugzypJq,2443
debugzzV6t,2444
